Artist,Track,Album,Album_type,Danceability,Energy,Loudness,Speechiness,Acousticness,Instrumentalness,Liveness,Valence,Tempo,Duration_min,Title,Channel,Views,Likes,Comments,Licensed,official_video,Stream,EnergyLiveness,most_playedon
Gorillaz,Feel Good Inc.,Demon Days,album,0.818,0.705,-6.679,0.177,0.00836,0.00233,0.613,0.772,138.559,3.710666667,Gorillaz - Feel Good Inc. (Official Video),Gorillaz,693555221,6220896,169907,TRUE,TRUE,1040234854,1.150081566,Spotify
Gorillaz,Rhinestone Eyes,Plastic Beach,album,0.676,0.703,-5.815,0.0302,0.0869,0.000687,0.0463,0.852,92.761,3.336216667,Gorillaz - Rhinestone Eyes [Storyboard Film] (Official Music Video),Gorillaz,72011645,1079128,31003,TRUE,TRUE,310083733,15.18358531,Spotify
Gorillaz,New Gold (feat. Tame Impala and Bootie Brown),New Gold (feat. Tame Impala and Bootie Brown),single,0.695,0.923,-3.93,0.0522,0.0425,0.0469,0.116,0.551,108.014,3.585833333,Gorillaz - New Gold ft. Tame Impala & Bootie Brown (Official Visualiser),Gorillaz,8435055,282142,7399,TRUE,TRUE,63063467,7.956896552,Spotify
Gorillaz,On Melancholy Hill,Plastic Beach,album,0.689,0.739,-5.81,0.026,1.51E-05,0.509,0.064,0.578,120.423,3.897783333,Gorillaz - On Melancholy Hill (Official Video),Gorillaz,211754952,1788577,55229,TRUE,TRUE,434663559,11.546875,Spotify
Gorillaz,Clint Eastwood,Gorillaz,album,0.663,0.694,-8.627,0.171,0.0253,0,0.0698,0.525,167.953,5.682,Gorillaz - Clint Eastwood (Official Video),Gorillaz,618480958,6197318,155930,TRUE,TRUE,617259738,9.94269341,Youtube
Gorillaz,DARE,Demon Days,album,0.76,0.891,-5.852,0.0372,0.0229,0.0869,0.298,0.966,120.264,4.083333333,Gorillaz - DARE (Official Video),Gorillaz,259021161,1844658,72008,TRUE,TRUE,323850327,2.989932886,Spotify
Gorillaz,New Gold (feat. Tame Impala and Bootie Brown) - Dom Dolla Remix,New Gold (feat. Tame Impala and Bootie Brown) [Dom Dolla Remix],single,0.716,0.897,-7.185,0.0629,0.012,0.262,0.325,0.358,127.03,4.569033333,"Gorillaz - New Gold ft. Tame Impala, Bootie Brown (Dom Dolla Remix) (Official Live Video)",Dom Dolla,451996,11686,241,FALSE,TRUE,10666154,2.76,Spotify
Gorillaz,She's My Collar (feat. Kali Uchis),Humanz (Deluxe),album,0.726,0.815,-5.886,0.0313,0.00799,0.081,0.112,0.462,140.158,3.492666667,Gorillaz - She's My Collar [HQ],SalvaMuñox,1010982,17675,260,FALSE,FALSE,159605929,7.276785714,Spotify
Gorillaz,Cracker Island (feat. Thundercat),Cracker Island (feat. Thundercat),single,0.741,0.913,-3.34,0.0465,0.00343,0.103,0.325,0.643,120.012,3.5625,Gorillaz - Cracker Island ft. Thundercat (Official Video),Gorillaz,24459820,739527,20296,TRUE,TRUE,42671901,2.809230769,Spotify
Gorillaz,Dirty Harry,Demon Days,album,0.625,0.877,-7.176,0.162,0.0315,0.0811,0.672,0.865,192.296,3.840433333,Gorillaz - Dirty Harry (Official Video),Gorillaz,154761056,1386920,39240,TRUE,TRUE,191074713,1.305059524,Spotify
Red Hot Chili Peppers,Californication,Californication (Deluxe Edition),album,0.592,0.767,-2.788,0.027,0.0021,0.00165,0.127,0.328,96.483,5.49555,Red Hot Chili Peppers - Californication (Official Music Video) [HD UPGRADE],Red Hot Chili Peppers,1018811259,4394471,121452,TRUE,TRUE,1055738398,6.039370079,Spotify
Red Hot Chili Peppers,Under the Bridge,Blood Sugar Sex Magik (Deluxe Edition),album,0.559,0.345,-13.496,0.0459,0.0576,0.000105,0.141,0.458,84.581,4.405116667,Red Hot Chili Peppers - Under The Bridge [Official Music Video],Red Hot Chili Peppers,246687714,1213572,32761,TRUE,TRUE,1061750522,2.446808511,Spotify
Red Hot Chili Peppers,Can't Stop,By the Way (Deluxe Edition),album,0.618,0.938,-3.442,0.0456,0.0179,0,0.167,0.875,91.455,4.483333333,Red Hot Chili Peppers - Can't Stop [Official Music Video],Red Hot Chili Peppers,336635759,1740224,32573,TRUE,TRUE,866464951,5.616766467,Spotify
Red Hot Chili Peppers,Scar Tissue,Californication (Deluxe Edition),album,0.595,0.717,-4.803,0.0295,0.0779,0.00274,0.108,0.547,88.969,3.59845,Red Hot Chili Peppers - Scar Tissue [Official Music Video],Red Hot Chili Peppers,435121530,1890900,37069,TRUE,TRUE,613838674,6.638888889,Spotify
Red Hot Chili Peppers,Otherside,Californication (Deluxe Edition),album,0.458,0.795,-3.265,0.0574,0.00316,0.000202,0.0756,0.513,123.229,4.256216667,Red Hot Chili Peppers - Otherside [Official Music Video],Red Hot Chili Peppers,673528656,3140356,60091,TRUE,TRUE,732774515,10.51587302,Spotify
Red Hot Chili Peppers,Snow (Hey Oh),Stadium Arcadium,album,0.427,0.9,-3.674,0.0499,0.116,1.75E-05,0.119,0.599,104.655,5.577783333,Red Hot Chili Peppers - Snow (Hey Oh) (Official Music Video),Red Hot Chili Peppers,320871237,1272266,37004,TRUE,TRUE,860722316,7.56302521,Spotify
Red Hot Chili Peppers,Dani California,Stadium Arcadium,album,0.556,0.913,-2.36,0.0437,0.0193,8.59E-06,0.346,0.73,96.184,4.702666667,Red Hot Chili Peppers - Dani California [Official Music Video],Red Hot Chili Peppers,324228662,1456622,49461,TRUE,TRUE,550067391,2.638728324,Spotify
Red Hot Chili Peppers,By the Way,By the Way (Deluxe Edition),album,0.451,0.97,-4.938,0.107,0.0264,0.00355,0.102,0.198,122.444,3.61555,Red Hot Chili Peppers - By The Way [Official Music Video],Red Hot Chili Peppers,179005296,784717,20084,TRUE,TRUE,367485508,9.509803922,Spotify
Red Hot Chili Peppers,Give It Away,Blood Sugar Sex Magik (Deluxe Edition),album,0.666,0.936,-9.919,0.0476,0.00244,0.086,0.153,0.776,91.577,4.715116667,Red Hot Chili Peppers - Give It Away [Official Music Video],Red Hot Chili Peppers,86637926,434837,16029,TRUE,TRUE,301947159,6.117647059,Spotify
Red Hot Chili Peppers,Dark Necessities,The Getaway,album,0.7,0.742,-6.777,0.0716,0.0722,0.0199,0.11,0.197,91.959,5.033333333,Red Hot Chili Peppers - Dark Necessities [Official Music Video],Red Hot Chili Peppers,440037964,2094182,56516,TRUE,TRUE,385677873,6.745454545,Youtube
50 Cent,In Da Club,Get Rich Or Die Tryin',album,0.902,0.72,-2.776,0.347,0.26,0,0.0749,0.805,90.059,3.22445,50 Cent - In Da Club (Official Music Video),50CentVEVO,1682616458,10481678,296745,TRUE,TRUE,1041736808,9.612817089,Youtube
50 Cent,Candy Shop,The Massacre,album,0.614,0.574,-7.961,0.466,0.0253,3.20E-05,0.38,0.755,125.173,3.485116667,50 Cent - Candy Shop (Official Music Video) ft. Olivia,50CentVEVO,838974650,5014527,113251,TRUE,TRUE,701248893,1.510526316,Youtube
50 Cent,Just A Lil Bit,The Massacre,album,0.489,0.692,-6.672,0.41,0.0322,0.00608,0.315,0.527,96.946,3.961783333,50 Cent - Just A Lil Bit,50CentVEVO,476133463,2523312,42075,TRUE,TRUE,395155110,2.196825397,Youtube
50 Cent,P.I.M.P.,Get Rich Or Die Tryin',album,0.7,0.758,-3.012,0.342,0.0444,1.30E-05,0.0401,0.889,78.693,4.157783333,"50 Cent - P.I.M.P. (Snoop Dogg Remix) ft. Snoop Dogg, G-Unit",50CentVEVO,572659065,3334710,60552,TRUE,TRUE,541728561,18.90274314,Youtube
50 Cent,Many Men (Wish Death),Get Rich Or Die Tryin',album,0.653,0.826,-2.93,0.354,0.0153,0.00146,0.131,0.416,108.52,4.27045,50 Cent - Many Men (Wish Death) (Dirty Version),50CentVEVO,441155628,2765887,84117,TRUE,TRUE,332175400,6.305343511,Youtube
50 Cent,Disco Inferno,The Massacre,album,0.925,0.659,-4.763,0.231,0.206,7.88E-05,0.279,0.71,97.018,3.57045,50 Cent - Disco Inferno (Official Music Video),50CentVEVO,39825951,382791,12038,TRUE,TRUE,202477187,2.362007168,Spotify
50 Cent,21 Questions,Get Rich Or Die Tryin',album,0.576,0.807,-3.908,0.317,0.353,0.000363,0.0512,0.908,90.012,3.74045,50 Cent - 21 Questions (Official Music Video) ft. Nate Dogg,50CentVEVO,503248572,2759199,54805,TRUE,TRUE,446003044,15.76171875,Youtube
50 Cent,Is This Love ('09) (feat. 50 Cent),Curtain Call 2,album,0.853,0.776,-4.221,0.261,0.0714,0,0.181,0.659,94.028,3.53355,"Eminem, 50 Cent - Is This Love ('09) [Visualizer]",EminemVEVO,5289821,245935,9008,TRUE,TRUE,28529840,4.287292818,Spotify
50 Cent,If I Can't,Get Rich Or Die Tryin',album,0.892,0.631,-2.522,0.302,0.244,0,0.0235,0.838,93.975,3.277333333,50 Cent - If I Can't (Official Music Video),Wu Sound,46096,612,14,FALSE,FALSE,210473579,26.85106383,Spotify
50 Cent,Best Friend - Remix,Best Friend (Remix),single,0.545,0.64,-3.529,0.308,0.368,0,0.111,0.574,181.733,4.24155,50 Cent-Best Friend(Remix),Lightning,291023,5729,46,FALSE,FALSE,160037992,5.765765766,Spotify
Metallica,Enter Sandman (Remastered),Metallica (Remastered),album,0.566,0.834,-8.412,0.0298,0.00277,0.008,0.0625,0.621,123.296,5.526,Metallica: Enter Sandman (Official Music Video),Metallica,573553706,2828795,81335,TRUE,TRUE,0,13.344,Youtube
Metallica,Nothing Else Matters (Remastered),Metallica (Remastered),album,0.547,0.394,-9.793,0.0262,0.0522,6.40E-06,0.0795,0.17,142.37,6.478883333,Metallica: Nothing Else Matters (Official Music Video),Metallica,1209806093,5127599,135946,TRUE,TRUE,0,4.955974843,Youtube
Metallica,Master of Puppets (Remastered),Master of Puppets (Remastered Deluxe Box Set),album,0.539,0.828,-9.108,0.035,0.00067,0.421,0.154,0.562,105.25,8.589783333,Master of Puppets (Remastered),Metallica - Topic,20762910,293409,1703,TRUE,TRUE,0,5.376623377,Youtube
Metallica,Whiskey In The Jar,"Garage, Inc.",album,0.511,0.972,-3.751,0.0413,5.36E-06,0.00101,0.19,0.532,132.97,5.08155,Metallica - Whiskey In The Jar (Official Music Video),Warner Records Vault,107553434,429797,12074,FALSE,FALSE,327681785,5.115789474,Spotify
Metallica,The Unforgiven (Remastered),Metallica (Remastered),album,0.531,0.583,-9.47,0.0256,0.0184,0.00624,0.255,0.207,139.503,6.452666667,Metallica - The Unforgiven (Official Music Video),Warner Records Vault,426125708,1781690,46392,FALSE,FALSE,0,2.28627451,Youtube
Metallica,One (Remastered),...And Justice for All (Remastered Deluxe Box Set),album,0.438,0.687,-9.15,0.0619,0.000668,0.0801,0.42,0.426,103.01,7.435766667,Metallica - One (Official Music Video) [Remastered in HD],"No Music, No Life !",524,18,1,FALSE,FALSE,0,1.635714286,Youtube
Metallica,For Whom The Bell Tolls (Remastered),Ride The Lightning (Deluxe Remaster),album,0.512,0.86,-6.145,0.0703,0.00631,0.00528,0.0652,0.258,117.909,5.166216667,For Whom The Bell Tolls (Remastered),Metallica - Topic,23666398,274106,667,TRUE,TRUE,0,13.19018405,Youtube
Metallica,Lux Æterna,Lux Æterna,single,0.386,0.996,-2.96,0.0754,1.15E-05,0.000836,0.116,0.188,130.573,3.428,Metallica: Lux Æterna (Official Music Video),Metallica,14937918,473751,46230,TRUE,TRUE,20061385,8.586206897,Spotify
Metallica,Sad But True (Remastered),Metallica (Remastered),album,0.624,0.876,-6.005,0.0342,0.000926,0.00164,0.0561,0.453,89.24,5.41,Metallica: Sad But True (Official Music Video),Metallica,72737062,418124,15110,TRUE,TRUE,0,15.61497326,Youtube
Metallica,Screaming Suicide,Screaming Suicide,single,0.425,0.972,-3.448,0.045,2.42E-05,0.0202,0.239,0.282,101.125,5.50755,Metallica: Screaming Suicide (Official Music Video),Metallica,4317758,217109,17225,TRUE,TRUE,3905429,4.066945607,Youtube
Coldplay,Yellow,Parachutes,album,0.429,0.661,-7.227,0.0281,0.00239,0.000121,0.234,0.285,173.372,4.446216667,Coldplay - Yellow (Official Video),Coldplay,832532409,4600933,118296,TRUE,TRUE,1483622308,2.824786325,Spotify
Coldplay,Viva La Vida,Viva La Vida or Death and All His Friends,album,0.486,0.617,-7.115,0.0287,0.0954,3.23E-06,0.109,0.417,138.015,4.03955,Coldplay - Viva La Vida (Official Video),Coldplay,789581468,4370461,261790,TRUE,TRUE,1325575712,5.660550459,Spotify
Coldplay,Sparks,Parachutes,album,0.371,0.268,-10.506,0.0281,0.748,0.0517,0.104,0.165,102.617,3.784883333,Sparks,Coldplay - Topic,73201019,787343,1637,TRUE,TRUE,475353044,2.576923077,Spotify
Coldplay,Something Just Like This,Memories...Do Not Open,album,0.617,0.635,-6.769,0.0317,0.0498,1.44E-05,0.164,0.446,103.019,4.119333333,The Chainsmokers & Coldplay - Something Just Like This (Lyric),ChainsmokersVEVO,2118018686,10282499,270444,TRUE,TRUE,2030825694,3.87195122,Youtube
Coldplay,The Scientist,A Rush of Blood to the Head,album,0.557,0.442,-7.224,0.0243,0.731,1.46E-05,0.11,0.213,146.277,5.16,Coldplay - The Scientist (Official 4K Video),Coldplay,1082588109,5532787,124357,TRUE,TRUE,1465980600,4.018181818,Spotify
Coldplay,A Sky Full of Stars,Ghost Stories,album,0.545,0.675,-6.474,0.0279,0.00617,0.00197,0.209,0.162,124.97,4.46445,Coldplay - A Sky Full Of Stars (Official Video),Coldplay,786404613,3741300,79974,TRUE,TRUE,1021782403,3.229665072,Spotify
Coldplay,Paradise,Mylo Xyloto,album,0.449,0.585,-6.761,0.0268,0.0509,8.75E-05,0.0833,0.212,139.631,4.645316667,Coldplay - Paradise (Official Video),Coldplay,1665814269,8497224,343020,TRUE,TRUE,927288329,7.022809124,Youtube
Coldplay,Hymn for the Weekend,A Head Full of Dreams,album,0.491,0.693,-6.487,0.0377,0.211,6.92E-06,0.325,0.412,90.027,4.30445,Coldplay - Hymn For The Weekend (Official Video),Coldplay,1828242112,13515772,377666,TRUE,TRUE,1049654852,2.132307692,Youtube
Coldplay,My Universe,Music Of The Spheres,album,0.573,0.711,-6.268,0.0406,0.0114,0,0.328,0.47,105.006,3.769966667,Coldplay X BTS - My Universe (Official Video),Coldplay,254655970,8867547,432726,TRUE,TRUE,883224238,2.167682927,Spotify
Coldplay,Fix You,X&Y,album,0.209,0.417,-8.74,0.0338,0.164,0.00196,0.113,0.124,138.178,4.92555,Coldplay - Fix You (Official Video),Coldplay,566239229,2962029,114460,TRUE,TRUE,1115171056,3.690265487,Spotify
Daft Punk,Get Lucky (feat. Pharrell Williams & Nile Rodgers) - Radio Edit,Get Lucky (feat. Pharrell Williams & Nile Rodgers) [Radio Edit],single,0.794,0.811,-8.966,0.038,0.0426,1.07E-06,0.101,0.862,116.047,4.140216667,Daft Punk - Get Lucky (Official Video) feat. Pharrell Williams and Nile Rodgers,convar HUN,32310867,956073,19646,FALSE,FALSE,844698895,8.02970297,Spotify
Daft Punk,One More Time,Discovery,album,0.613,0.697,-8.618,0.133,0.0194,0,0.332,0.476,122.746,5.339283333,Daft Punk - One More Time (Official Video),Daft Punk,432177586,2707992,110189,TRUE,TRUE,471747761,2.09939759,Spotify
Daft Punk,Instant Crush (feat. Julian Casablancas),Random Access Memories,album,0.775,0.585,-9.516,0.0271,0.0422,0.619,0.077,0.518,109.942,5.626,Daft Punk - Instant Crush (Video) ft. Julian Casablancas,DaftPunkVEVO,606828966,3111505,87115,TRUE,TRUE,460589724,7.597402597,Youtube
Daft Punk,Get Lucky (feat. Pharrell Williams & Nile Rodgers),Random Access Memories,album,0.81,0.793,-9.404,0.0403,0.0378,1.77E-06,0.072,0.863,116.05,6.16045,Daft Punk - Get Lucky (Official Video) feat. Pharrell Williams and Nile Rodgers,convar HUN,32310867,956073,19646,FALSE,FALSE,400304719,11.01388889,Spotify
Daft Punk,Around the World,Homework,album,0.956,0.795,-5.311,0.15,0.00356,0.889,0.0906,0.841,121.294,7.158883333,Daft Punk - Around The World (Official Music Video Remastered),Daft Punk,38218353,466569,11904,TRUE,TRUE,293417547,8.774834437,Spotify
Daft Punk,"Harder, Better, Faster, Stronger",Discovery,album,0.817,0.716,-8.898,0.144,0.0427,0.00263,0.358,0.692,123.474,3.744883333,"Daft Punk - Harder, Better, Faster, Stronger (Official Video)",Daft Punk,121308880,1329678,70754,TRUE,TRUE,292668007,2,Spotify
Daft Punk,Something About Us,Discovery,album,0.875,0.475,-12.673,0.0986,0.44,0.72,0.046,0.384,99.958,3.877783333,Daft Punk - Something About Us (Official Video),Daft Punk,77464307,723914,23915,TRUE,TRUE,185381876,10.32608696,Spotify
Daft Punk,Lose Yourself to Dance (feat. Pharrell Williams),Random Access Memories,album,0.832,0.659,-7.828,0.057,0.0839,0.00114,0.0753,0.674,100.163,5.898216667,Daft Punk - Lose Yourself to Dance (Official Version),DaftPunkVEVO,195983803,1115598,37436,TRUE,TRUE,274711166,8.751660027,Spotify
Daft Punk,Veridis Quo,Discovery,album,0.605,0.687,-13.928,0.045,0.479,0.949,0.104,0.12,106.896,5.753116667,Daft Punk - Veridis Quo (Official Video),Daft Punk,23984070,216822,7260,TRUE,TRUE,90589464,6.605769231,Spotify
Daft Punk,Digital Love,Discovery,album,0.644,0.664,-8.398,0.0332,0.048,0.867,0.342,0.53,124.726,5.022883333,Daft Punk - Digital Love (Official Video),Daft Punk,30079390,203063,8957,TRUE,TRUE,115484456,1.941520468,Spotify
Linkin Park,In the End,Hybrid Theory (Bonus Edition),album,0.556,0.864,-5.87,0.0584,0.00958,0,0.209,0.4,105.143,3.614666667,In The End [Official HD Music Video] - Linkin Park,Linkin Park,1487186392,10183387,409471,TRUE,TRUE,1444841705,4.133971292,Youtube
Linkin Park,Numb,Meteora,album,0.496,0.863,-4.153,0.0381,0.0046,0,0.639,0.243,110.018,3.093116667,Numb [Official Music Video] - Linkin Park,Linkin Park,1928733776,12341722,550921,TRUE,TRUE,1195213410,1.350547731,Youtube
Linkin Park,What I've Done,Minutes to Midnight,album,0.623,0.93,-5.285,0.0324,0.0141,1.64E-06,0.138,0.287,120.119,3.426883333,What I've Done [Official Music Video] - Linkin Park,Linkin Park,587927093,3370635,148741,TRUE,TRUE,589294152,6.739130435,Spotify
Linkin Park,Numb / Encore,Numb / Encore: MTV Ultimate Mash-Ups Presents Collision Course,single,0.687,0.793,-4.254,0.166,0.0603,0,0.582,0.751,107.045,3.428883333,Numb/Encore [Live] - Linkin Park & Jay Z,Linkin Park,44436981,226771,9260,TRUE,TRUE,778880225,1.362542955,Spotify
Linkin Park,One Step Closer,Hybrid Theory (Bonus Edition),album,0.492,0.969,-4.419,0.0491,0.0014,1.32E-06,0.0787,0.538,95.136,2.622216667,One Step Closer [Official HD Music Video] - Linkin Park,Linkin Park,154808291,1102031,33750,TRUE,TRUE,447287242,12.31257942,Spotify
Linkin Park,Faint,Meteora,album,0.554,0.978,-3.554,0.131,0.111,0,0.0731,0.594,135.095,2.71,Faint [Official Music Video] - Linkin Park,Linkin Park,378323695,2061834,65731,TRUE,TRUE,413355749,13.37893297,Spotify
Linkin Park,Bleed It Out,Minutes to Midnight,album,0.529,0.967,-3.647,0.0508,0.114,0,0.61,0.596,140.127,2.772883333,Bleed It Out [Official Music Video] - Linkin Park,Linkin Park,135176149,762715,27609,TRUE,TRUE,388331061,1.585245902,Spotify
Linkin Park,Papercut,Hybrid Theory (Bonus Edition),album,0.524,0.939,-3.994,0.113,0.00022,0,0.623,0.661,150.184,3.081116667,Papercut [Official HD Music Video] - Linkin Park,Linkin Park,240834555,1400306,50003,TRUE,TRUE,345142662,1.507223114,Spotify
Linkin Park,Crawling,Hybrid Theory (Bonus Edition),album,0.58,0.702,-5.565,0.0337,0.0466,3.20E-06,0.536,0.299,105.076,3.482666667,Crawling [Official HD Music Video] - Linkin Park,Linkin Park,374506972,2197293,96490,TRUE,TRUE,391929621,1.309701493,Spotify
Linkin Park,BURN IT DOWN,LIVING THINGS,album,0.585,0.972,-4.45,0.0534,0.0143,0,0.0707,0.585,110.006,3.83755,BURN IT DOWN [Official Music Video] - Linkin Park,Linkin Park,353135986,2534190,113567,TRUE,TRUE,368132993,13.74823197,Spotify
Radiohead,Creep,Pablo Honey,album,0.515,0.43,-9.935,0.0372,0.0097,0.000133,0.129,0.104,91.844,3.977333333,Radiohead - Creep,Radiohead,763497849,4777393,147276,TRUE,TRUE,1101854725,3.333333333,Spotify
Radiohead,No Surprises,OK Computer,album,0.255,0.393,-10.654,0.0278,0.0577,0.00361,0.113,0.118,76.426,3.818666667,Radiohead - No Surprises,Radiohead,167847274,1274934,40034,TRUE,TRUE,379349681,3.477876106,Spotify
Radiohead,Karma Police,OK Computer,album,0.36,0.501,-9.129,0.0258,0.0638,9.32E-05,0.172,0.324,74.807,4.401116667,Radiohead - Karma Police,Radiohead,89246405,593396,17682,TRUE,TRUE,382823305,2.912790698,Spotify
Radiohead,High and Dry,The Bends,album,0.419,0.383,-11.782,0.0256,0.0724,0.0176,0.0896,0.35,87.568,4.291333333,Radiohead -  High & Dry -  American Version [OFFICIAL MUSIC VIDEO],Justice Elan Wenzloff,80290,2133,238,FALSE,FALSE,291096318,4.274553571,Spotify
Radiohead,Exit Music (For A Film),OK Computer,album,0.293,0.276,-11.357,0.0349,0.224,0.122,0.167,0.195,121.603,4.453116667,Exit Music (For A Film),Radiohead - Topic,10644157,171322,1669,TRUE,TRUE,146857863,1.652694611,Spotify
Radiohead,Weird Fishes/ Arpeggi,In Rainbows,album,0.531,0.61,-8.025,0.0387,0.772,0.756,0.0908,0.199,152.958,5.303116667,Radiohead - Weird Fishes -  by Tobias Stretch,Radiohead,15335499,125774,4852,FALSE,TRUE,121688699,6.718061674,Spotify
Radiohead,Jigsaw Falling Into Place,In Rainbows,album,0.462,0.832,-6.085,0.0479,0.108,0.00416,0.0741,0.807,165.653,4.148216667,Radiohead - Jigsaw Falling Into Place,Radiohead,26398730,180969,8010,TRUE,TRUE,79367881,11.22807018,Spotify
Radiohead,Fake Plastic Trees,The Bends,album,0.463,0.229,-12.592,0.0297,0.167,0.0997,0.202,0.135,73.543,4.845116667,Radiohead - Fake Plastic Trees,Radiohead,61340263,398951,15400,TRUE,TRUE,219867047,1.133663366,Spotify
Radiohead,Just,The Bends,album,0.291,0.767,-6.913,0.0862,0.000401,0.012,0.0763,0.359,175.702,3.913333333,Radiohead - Just,Radiohead,15041854,146328,6899,TRUE,TRUE,88945336,10.05242464,Spotify
Radiohead,Nude,In Rainbows,album,0.516,0.342,-9.785,0.0342,0.832,0.579,0.0857,0.167,128.378,4.25645,Radiohead - Nude,Radiohead,12205514,124486,4536,TRUE,TRUE,86388469,3.990665111,Spotify
AC/DC,Highway to Hell,Highway to Hell,album,0.574,0.913,-4.793,0.133,0.061,0.00158,0.156,0.423,115.728,3.473333333,AC/DC - Highway to Hell (Official Video),acdcVEVO,274830901,2039258,44487,TRUE,TRUE,1143164505,5.852564103,Spotify
AC/DC,Thunderstruck,The Razors Edge,album,0.502,0.89,-5.175,0.0364,0.000147,0.0117,0.217,0.259,133.52,4.881333333,AC/DC - Thunderstruck (Official Video),acdcVEVO,1224226060,5989128,153047,TRUE,TRUE,1088388556,4.101382488,Youtube
AC/DC,Back In Black,Back In Black,album,0.31,0.7,-5.678,0.047,0.011,0.00965,0.0828,0.763,188.386,4.258216667,AC/DC - Back In Black (Official Video),acdcVEVO,915158054,5643694,134549,TRUE,TRUE,1182379398,8.45410628,Spotify
AC/DC,You Shook Me All Night Long,Back In Black,album,0.532,0.767,-5.509,0.0574,0.00287,0.000513,0.39,0.755,127.361,3.502883333,AC/DC - You Shook Me All Night Long (Official Video),acdcVEVO,279117834,1348845,26645,TRUE,TRUE,802076123,1.966666667,Spotify
AC/DC,T.N.T.,High Voltage,album,0.754,0.759,-5.218,0.302,0.153,0.000108,0.101,0.435,126.366,3.577783333,"AC/DC - T.N.T. (Live At River Plate, December 2009)",acdcVEVO,240908491,934797,19584,TRUE,TRUE,526521070,7.514851485,Spotify
AC/DC,Hells Bells,Back In Black,album,0.389,0.873,-4.768,0.0475,0.00532,0.0055,0.273,0.303,106.767,5.204883333,AC/DC - Hells Bells (Official Video),acdcVEVO,252038354,1067479,29353,TRUE,TRUE,296521772,3.197802198,Spotify
AC/DC,Dirty Deeds Done Dirt Cheap,Dirty Deeds Done Dirt Cheap,album,0.668,0.906,-4.881,0.17,0.214,0.00245,0.135,0.507,135.653,3.86555,AC/DC - Dirty Deeds Done Dirt Cheap (Official Audio),acdcVEVO,852728,14044,1029,TRUE,TRUE,269837425,6.711111111,Spotify
AC/DC,Shoot to Thrill,Back In Black,album,0.457,0.904,-5.303,0.0747,0.000239,0.0879,0.396,0.48,141.038,5.29045,AC/DC - Shoot To Thrill (Iron Man 2 Version),acdcVEVO,172293392,642344,17673,TRUE,TRUE,292026041,2.282828283,Spotify
AC/DC,It's a Long Way to the Top (If You Wanna Rock 'N' Roll),High Voltage,album,0.456,0.863,-3.551,0.0894,0.133,0.0538,0.0553,0.532,135.962,5.02045,AC/DC - It's a Long Way to the Top (If You Wanna Rock 'n' Roll) (Official Video),Official Lives & Music Videos - Official Channel,102527,1881,240,FALSE,FALSE,196347993,15.60578662,Spotify
AC/DC,Rock N Roll Train,Black Ice,album,0.547,0.931,-2.356,0.0615,0.000998,0.0118,0.278,0.697,118.4,4.35845,AC/DC - Rock N Roll Train (Official Video),acdcVEVO,18237531,119749,2251,TRUE,TRUE,144143014,3.348920863,Spotify
Black Eyed Peas,I Gotta Feeling,THE E.N.D. (THE ENERGY NEVER DIES),album,0.744,0.766,-6.375,0.0265,0.0873,0,0.509,0.61,127.966,4.818883333,The Black Eyed Peas - I Gotta Feeling (Official Music Video),BlackEyedPeasVEVO,638267058,3670416,131565,TRUE,TRUE,1001227038,1.504911591,Spotify
Black Eyed Peas,DON'T YOU WORRY,ELEVATION,album,0.831,0.868,-5.282,0.0325,0.176,0,0.184,0.483,131.971,3.240633333,"Black Eyed Peas, Shakira, David Guetta - DON'T YOU WORRY (Official Music Video)",BlackEyedPeasVEVO,144690551,1327396,57072,TRUE,TRUE,162685755,4.717391304,Spotify
Black Eyed Peas,Where Is The Love?,Elephunk,album,0.834,0.699,-3.222,0.178,0.111,0,0.131,0.809,94.086,4.542216667,The Black Eyed Peas - Where Is The Love? (Official Music Video),BlackEyedPeasVEVO,888076529,4899065,180386,TRUE,TRUE,752091441,5.335877863,Youtube
Black Eyed Peas,Just Can’t Get Enough,The Beginning,album,0.659,0.628,-8.685,0.179,0.186,0,0.105,0.262,94.05,3.657116667,The Black Eyed Peas - Just Can't Get Enough (Official Music Video),BlackEyedPeasVEVO,292211575,1594576,70720,TRUE,TRUE,331578264,5.980952381,Spotify
Black Eyed Peas,GIRL LIKE ME,TRANSLATION,album,0.965,0.485,-8.784,0.191,0.0206,0.0237,0.0655,0.312,124.025,3.708716667,"Black Eyed Peas, Shakira - GIRL LIKE ME (Official Music Video)",BlackEyedPeasVEVO,662529115,5488829,222922,TRUE,TRUE,453923193,7.404580153,Youtube
Black Eyed Peas,Pump It,Monkey Business,album,0.649,0.931,-3.15,0.181,0.0093,0,0.751,0.744,153.645,3.551116667,The Black Eyed Peas - Pump It (Official Music Video),BlackEyedPeasVEVO,755836314,4746197,133551,TRUE,TRUE,492130246,1.239680426,Youtube
Black Eyed Peas,Pump It Louder,Pump It Louder,single,0.66,0.942,-2.273,0.185,0.00789,1.76E-05,0.834,0.543,126.017,2.64285,Tiësto & Black Eyed Peas - Pump It Louder (Official Video),Tiësto,2099141,61252,1238,TRUE,TRUE,27908495,1.129496403,Spotify
Black Eyed Peas,Meet Me Halfway,THE E.N.D. (THE ENERGY NEVER DIES),album,0.798,0.629,-6.857,0.0735,0.00474,2.29E-05,0.324,0.4,130.002,4.73955,The Black Eyed Peas - Meet Me Halfway (Official Music Video),BlackEyedPeasVEVO,458724349,2094991,73011,TRUE,TRUE,363930118,1.941358025,Youtube
Black Eyed Peas,RITMO (Bad Boys For Life),TRANSLATION,album,0.732,0.716,-6.968,0.0561,0.0295,0.000758,0.73,0.666,105.093,3.580916667,"Black Eyed Peas, J Balvin - RITMO (Bad Boys For Life) (Official Music Video)",BlackEyedPeasVEVO,1021503328,6398855,130819,TRUE,TRUE,869795408,0.980821918,Youtube
Black Eyed Peas,SIMPLY THE BEST,ELEVATION,album,0.872,0.789,-6.047,0.132,0.203,2.39E-05,0.125,0.646,126.042,3.9365,"Black Eyed Peas, Anitta, El Alfa - SIMPLY THE BEST (Official Music Video)",BlackEyedPeasVEVO,43226385,242932,38381,TRUE,TRUE,18501860,6.312,Youtube
Michael Jackson,Billie Jean,Thriller,album,0.932,0.457,-9.62,0.0541,0.0173,0.0436,0.0414,0.884,117.002,4.903783333,Michael Jackson - Billie Jean (Official Video),michaeljacksonVEVO,1300732161,9523245,508425,TRUE,TRUE,1302677366,11.03864734,Spotify
Michael Jackson,Chicago,XSCAPE,album,0.608,0.756,-2.675,0.176,0.0784,0,0.187,0.55,176.086,4.091783333,Michael Jackson - Chicago,MJ4481,545655,7314,386,FALSE,FALSE,103974637,4.042780749,Spotify
Michael Jackson,Beat It,Thriller,album,0.776,0.711,-9.03,0.0473,0.0242,0.000353,0.234,0.901,138.728,4.306666667,Michael Jackson - Beat It (Official 4K Video),michaeljacksonVEVO,905692299,6656468,259358,TRUE,TRUE,826832314,3.038461538,Youtube
Michael Jackson,Smooth Criminal - 2012 Remaster,Bad (Remastered),album,0.853,0.981,-3.947,0.0751,0.247,0.468,0.306,0.595,118.193,4.296,Michael Jackson - Smooth Criminal (Single Version) HD,vman,84652754,672624,25952,FALSE,FALSE,526030670,3.205882353,Spotify
Michael Jackson,Rock with You - Single Version,Off the Wall,album,0.808,0.535,-12.521,0.0353,0.179,9.91E-05,0.158,0.848,114.031,3.677116667,Michael Jackson - Rock With You (Official Video),michaeljacksonVEVO,301845823,2269865,87490,TRUE,TRUE,346137424,3.386075949,Spotify
Michael Jackson,Don't Stop 'Til You Get Enough,Off the Wall,album,0.878,0.821,-9.875,0.089,0.126,0.0461,0.183,0.947,118.881,6.091116667,Michael Jackson - Don’t Stop 'Til You Get Enough (Official Video),michaeljacksonVEVO,349102050,2254295,89160,TRUE,TRUE,389644450,4.486338798,Spotify
Michael Jackson,They Don't Care About Us,"HIStory - PAST, PRESENT AND FUTURE - BOOK I",album,0.859,0.905,-5.539,0.129,0.205,0.00837,0.322,0.731,89.946,4.736,Michael Jackson - They Don’t Care About Us (Brazil Version) (Official Video),michaeljacksonVEVO,978680025,8312571,335112,TRUE,TRUE,256361972,2.810559006,Youtube
Michael Jackson,Remember the Time,Dangerous,album,0.831,0.921,-2.383,0.0582,0.153,0.00224,0.305,0.795,108.002,3.987116667,Michael Jackson - Remember The Time (Official Video),michaeljacksonVEVO,504057332,3085718,127080,TRUE,TRUE,224254298,3.019672131,Youtube
Michael Jackson,The Way You Make Me Feel - 2012 Remaster,Bad (Remastered),album,0.877,0.854,-4.523,0.147,0.0544,5.50E-05,0.144,0.54,114.472,4.968666667,Michael Jackson - The Way You Make Me Feel (Official Video),michaeljacksonVEVO,436325398,2515830,94765,TRUE,TRUE,349629692,5.930555556,Youtube
Michael Jackson,Love Never Felt So Good,XSCAPE,album,0.775,0.719,-6.212,0.0435,0.132,1.79E-06,0.0662,0.712,117.513,4.10045,"Michael Jackson, Justin Timberlake - Love Never Felt So Good (Official Video)",michaeljacksonVEVO,343328494,2121502,53821,TRUE,TRUE,280500270,10.86102719,Youtube
P!nk,Just Give Me a Reason (feat. Nate Ruess),The Truth About Love,album,0.778,0.547,-7.273,0.0489,0.346,0.000302,0.132,0.441,95.002,4.04555,P!nk - Just Give Me A Reason ft. Nate Ruess,PinkVEVO,1518313784,6420621,166423,TRUE,TRUE,995490565,4.143939394,Youtube
P!nk,Never Gonna Not Dance Again,Never Gonna Not Dance Again,single,0.668,0.802,-4.005,0.0917,0.0273,0,0.163,0.769,113.796,3.76315,P!NK - Never Gonna Not Dance Again (Official Video),PinkVEVO,10941241,216805,7540,TRUE,TRUE,34361626,4.920245399,Spotify
P!nk,Raise Your Glass,Raise Your Glass,single,0.7,0.709,-5.006,0.0838,0.0048,0,0.029,0.624,122.019,3.382666667,P!nk - Raise Your Glass (Official Video),PinkVEVO,237232986,1026177,47667,TRUE,TRUE,502735560,24.44827586,Spotify
P!nk,Try,The Truth About Love,album,0.674,0.628,-7.079,0.03,0.00144,0,0.0944,0.552,103.998,4.131783333,P!nk - Try (Official Video),PinkVEVO,534286492,2554163,78435,TRUE,TRUE,476783121,6.652542373,Youtube
P!nk,So What,Funhouse (Expanded Edition),album,0.534,0.87,-3.078,0.0425,0.000334,0,0.241,0.462,126.019,3.586,P!nk - So What (Official Video),PinkVEVO,432775314,2187945,60960,TRUE,TRUE,471672024,3.609958506,Spotify
P!nk,What About Us,Beautiful Trauma,album,0.491,0.588,-6.177,0.0506,0.0281,2.01E-06,0.0906,0.193,113.608,4.493333333,P!NK - What About Us (Official Video),PinkVEVO,339837769,1819636,38357,TRUE,TRUE,662431775,6.490066225,Spotify
P!nk,Cover Me In Sunshine,All I Know So Far: Setlist,album,0.473,0.592,-6.859,0.138,0.0528,0,0.131,0.292,159.7,2.30955,"P!NK, Willow Sage Hart - Cover Me In Sunshine (Official Video)",PinkVEVO,80575503,948515,24233,TRUE,TRUE,346097538,4.519083969,Spotify
P!nk,TRUSTFALL,TRUSTFALL,single,0.636,0.888,-3.889,0.0945,0.00162,0.000216,0.147,0.25,122.032,3.953333333,P!NK - TRUSTFALL (Official Video),PinkVEVO,3309247,146755,5707,TRUE,TRUE,2790105,6.040816327,Youtube
P!nk,Who Knew,I'm Not Dead,album,0.688,0.734,-4.569,0.0274,0.00462,0,0.0756,0.46,140.004,3.474883333,P!nk - Who Knew (Official Video),PinkVEVO,168736063,611231,20095,TRUE,TRUE,219363750,9.708994709,Spotify
P!nk,True Love (feat. Lily Allen),The Truth About Love,album,0.457,0.823,-4.76,0.311,0.00144,0,0.108,0.578,192.205,3.84555,P!nk - True Love (Official Video) ft. Lily Allen,PinkVEVO,149977268,938718,31361,TRUE,TRUE,170002964,7.62037037,Spotify
Eminem,Mockingbird,Encore (Deluxe Version),album,0.637,0.678,-3.798,0.266,0.209,0,0.156,0.254,84.039,4.179333333,Eminem - Mockingbird [Official Music Video],EminemVEVO,719661717,5550929,205147,TRUE,TRUE,908006704,4.346153846,Spotify
Eminem,Without Me,The Eminem Show,album,0.908,0.669,-2.827,0.0738,0.00286,0,0.237,0.662,112.238,4.838666667,Eminem - Without Me (Official Music Video),EminemVEVO,1590485349,11469490,341006,TRUE,TRUE,1457351902,2.82278481,Youtube
Eminem,The Real Slim Shady,The Marshall Mathers LP,album,0.949,0.661,-4.244,0.0572,0.0302,0,0.0454,0.76,104.504,4.736666667,Eminem - The Real Slim Shady (Official Video - Clean Version),EminemVEVO,777507160,6489755,169037,TRUE,TRUE,1232567233,14.55947137,Spotify
Eminem,Superman,The Eminem Show,album,0.802,0.755,-3.138,0.0564,0.0215,0,0.295,0.58,130.027,5.838666667,Eminem - Superman (Clean Version) ft. Dina Rae,EminemVEVO,139257221,950561,35404,TRUE,TRUE,466021760,2.559322034,Spotify
Eminem,Till I Collapse,The Eminem Show,album,0.548,0.847,-3.237,0.186,0.0622,0,0.0816,0.1,171.447,4.963116667,Eminem - Till I Collapse Feat. Nate Dogg [OFFICIAL MUSIC VIDEO],Myde?ko,1931315,18992,291,FALSE,FALSE,1548871694,10.37990196,Spotify
Eminem,Stan,The Marshall Mathers LP,album,0.78,0.768,-4.325,0.238,0.0371,2.34E-06,0.518,0.507,80.063,6.735116667,Eminem - Stan (Long Version) ft. Dido,EminemVEVO,623027280,5152714,199113,TRUE,TRUE,799979337,1.482625483,Spotify
Eminem,Love The Way You Lie,Recovery,album,0.749,0.925,-5.034,0.227,0.241,0,0.52,0.641,86.989,4.38955,Eminem - Love The Way You Lie ft. Rihanna,EminemVEVO,2539156924,12696568,599124,TRUE,TRUE,1115478746,1.778846154,Youtube
Eminem,Godzilla (feat. Juice WRLD),Music To Be Murdered By,album,0.808,0.745,-5.26,0.342,0.145,0,0.292,0.829,165.995,3.513333333,Eminem - Godzilla ft. Juice WRLD (Directed by Cole Bennett),Lyrical Lemonade,547039623,9287567,398333,FALSE,FALSE,1072650382,2.551369863,Spotify
Eminem,Sing For The Moment,The Eminem Show,album,0.668,0.824,-4.164,0.137,0.0017,3.05E-06,0.0426,0.185,163.961,5.659116667,Eminem - Sing For The Moment (Official Music Video),EminemVEVO,454015875,2471743,99418,TRUE,TRUE,357737050,19.342723,Youtube
Eminem,Not Afraid,Recovery,album,0.855,0.954,-1.19,0.264,0.529,0,0.205,0.668,114.635,4.13555,Eminem - Not Afraid,EminemVEVO,1727241246,11425215,872181,TRUE,TRUE,789922926,4.653658537,Youtube
Pharrell Williams,"Happy - From ""Despicable Me 2""",G I R L,album,0.647,0.822,-4.662,0.183,0.219,0,0.0908,0.962,160.019,3.878666667,Pharrell Williams - Happy (from Despicable Me 2) [Ballroom Version],PharrellWilliamsVEVO,128396799,718507,14157,TRUE,TRUE,1143833476,9.052863436,Spotify
Pharrell Williams,Down In Atlanta,Down In Atlanta,single,0.851,0.819,-5.173,0.212,0.337,0.000153,0.0658,0.903,83.154,2.734016667,"Pharrell Williams, Travis Scott - Down In Atlanta (Official Lyric Video)",PharrellWilliamsVEVO,3658044,88925,2271,TRUE,TRUE,42006396,12.44680851,Spotify
Pharrell Williams,"Feels (feat. Pharrell Williams, Katy Perry & Big Sean)",Funk Wav Bounces Vol.1,album,0.893,0.745,-3.105,0.0571,0.0642,0,0.0943,0.872,101.018,3.72355,"Calvin Harris - Feels (Official Video) ft. Pharrell Williams, Katy Perry, Big Sean",CalvinHarrisVEVO,673495248,4097957,105475,TRUE,TRUE,981287133,7.900318134,Spotify
Pharrell Williams,Cash In Cash Out,Cash In Cash Out,single,0.877,0.56,-3.751,0.0596,0.00721,1.45E-06,0.0839,0.154,119.971,3.602266667,"Pharrell Williams - Cash In Cash Out (Official Video) ft. 21 Savage, Tyler, The Creator",PharrellWilliamsVEVO,20392451,560857,16545,TRUE,TRUE,104603335,6.674612634,Spotify
Pharrell Williams,"Stay With Me (with Justin Timberlake, Halsey & Pharrell)",Funk Wav Bounces Vol. 2,album,0.81,0.733,-6.338,0.0444,0.276,6.73E-06,0.288,0.9,125.975,3.821383333,"Calvin Harris - Stay With Me (Official Video) ft Justin Timberlake, Halsey & Pharrell",CalvinHarrisVEVO,26641550,315368,9132,TRUE,TRUE,99934776,2.545138889,Spotify
Pharrell Williams,Hit Different,Hit Different,single,0.679,0.516,-6.371,0.0452,0.199,0,0.0965,0.716,120.074,3.3668,SZA - Hit Different (Official Video) ft. Ty Dolla $ign,SZAVEVO,121559320,1081676,36266,TRUE,TRUE,198332490,5.347150259,Spotify
Pharrell Williams,Neon Guts (feat. Pharrell Williams),Luv Is Rage 2,album,0.859,0.563,-6.635,0.112,0.0541,0,0.0685,0.412,119.934,4.31315,Lil Uzi Vert - Neon Guts feat. Pharrell Williams [Official Visualizer],LIL UZI VERT,35793144,431472,11252,TRUE,TRUE,219355874,8.218978102,Spotify
Pharrell Williams,JUGGERNAUT (feat. Lil Uzi Vert & Pharrell Williams),CALL ME IF YOU GET LOST,album,0.827,0.571,-7.949,0.366,0.0195,0,0.166,0.62,142.034,2.440316667,"Tyler, The Creator - JUGGERNAUT (Official Video)","Tyler, The Creator",11408003,477302,12628,FALSE,TRUE,99577335,3.439759036,Spotify
Pharrell Williams,Just A Cloud Away,Just A Cloud Away,single,0.89,0.46,-8.155,0.0359,0.432,0,0.11,0.677,112.555,2.934633333,Just A Cloud Away,Pharrell Williams - Topic,2672481,63065,75,TRUE,TRUE,105629259,4.181818182,Spotify
Pharrell Williams,Frontin' (feat. Jay-Z) - Club Mix,The Neptunes Present... Clones,album,0.894,0.404,-5.913,0.13,0.453,1.57E-06,0.0801,0.759,102.009,3.941783333,Pharrell - Frontin' (Official HD Video) ft. Jay-Z,PharrellWilliamsVEVO,59095041,433116,13530,TRUE,TRUE,114177468,5.043695381,Spotify
Khalid,lovely (with Khalid),lovely (with Khalid),single,0.351,0.296,-10.109,0.0333,0.934,0,0.095,0.12,115.284,3.336433333,"Billie Eilish, Khalid - lovely",BillieEilishVEVO,1721382178,24425840,561909,TRUE,TRUE,2110573779,3.115789474,Spotify
Khalid,Numb,Numb,single,0.912,0.774,-4.673,0.0455,0.121,0.0127,0.101,0.632,119.966,2.59315,"Marshmello, Khalid - Numb (Official Video)",MarshmelloVEVO,25212794,418647,7041,TRUE,TRUE,203066841,7.663366337,Spotify
Khalid,Silence,Silence,single,0.52,0.761,-3.093,0.0853,0.256,4.96E-06,0.17,0.286,141.971,3.013716667,Marshmello - Silence Ft. Khalid (Official Music Video),Marshmello,129183587,1480652,37678,FALSE,TRUE,1322057199,4.476470588,Spotify
Khalid,Young Dumb & Broke,American Teen,album,0.799,0.539,-6.351,0.0421,0.199,1.66E-05,0.165,0.394,136.948,3.375783333,Khalid - Young Dumb & Broke (Official Video),KhalidVEVO,886349984,5968729,147072,TRUE,TRUE,1290687019,3.266666667,Spotify
Khalid,Eastside (with Halsey & Khalid),FRIENDS KEEP SECRETS,album,0.632,0.686,-7.665,0.243,0.549,0,0.2,0.329,89.949,2.846166667,"benny blanco, Halsey & Khalid – Eastside (official video)",benny blanco,632400004,2781127,34795,FALSE,TRUE,1424962511,3.43,Spotify
Khalid,Better,Suncity,album,0.596,0.552,-10.278,0.097,0.0765,0.334,0.104,0.112,97.949,3.822,Khalid - Better (Official Video),KhalidVEVO,860718114,4030063,68320,TRUE,TRUE,1143264716,5.307692308,Spotify
Khalid,Location,American Teen,album,0.736,0.449,-11.462,0.425,0.33,0.000162,0.0898,0.326,80.126,3.651333333,Khalid - Location (Official Video),KhalidVEVO,544666810,3251468,61104,TRUE,TRUE,1221083395,5,Spotify
Khalid,8TEEN,American Teen,album,0.83,0.585,-5.802,0.0366,0.225,0.00209,0.0576,0.642,105.03,3.81,Khalid - 8TEEN (Official Lyric Video),KhalidVEVO,1381628,12115,158,TRUE,TRUE,586480399,10.15625,Spotify
Khalid,Beautiful People (feat. Khalid),No.6 Collaborations Project,album,0.64,0.647,-8.114,0.186,0.124,0,0.0801,0.546,92.979,3.297783333,Ed Sheeran - Beautiful People (feat. Khalid) [Official Music Video],Ed Sheeran,353454004,2754251,54867,TRUE,TRUE,1241240312,8.077403246,Spotify
